patid,diag1,diag2,diag3,diag4,diag5,diag6,diag7
44,12,12,8,1,,,
58,3,3,8,,,,
61,4,4,6,7,7,4,
98,2,3,2,3,,,
102,10,8,7,,,,
108,5,1,12,11,5,4,
109,5,7,,,,,
118,12,9,8,3,6,,
136,7,4,2,10,8,11,
211,10,3,7,,,,
232,2,6,9,9,6,4,
255,10,8,10,,,,
264,4,3,7,2,2,5,
276,6,11,4,1,,,
353,2,9,,,,,
407,3,5,7,7,12,12,6
421,1,5,1,,,,
424,3,4,,,,,
461,4,10,6,10,9,,
521,8,12,,,,,
555,11,10,5,2,,,
557,6,8,7,1,,,
564,3,5,8,,,,
577,12,1,8,9,10,1,5
594,11,11,,,,,
604,11,,,,,,
618,3,3,12,11,10,,
643,8,8,12,3,5,9,
675,9,5,11,4,6,10,4
684,7,11,,,,,
699,2,8,3,,,,
715,5,8,,,,,
721,1,3,8,,,,
807,10,2,,,,,
841,5,8,8,,,,
871,7,,,,,,
872,5,11,,,,,
894,4,1,2,,,,
898,5,6,1,,,,
947,3,11,,,,,
