empid,female,tenure,jobcode
8414,1,36,1
2322,0,2,1
1369,0,98,1
1024,1,276,1
5644,1,22,1
3533,0,2,1
1091,0,12,2
6047,0,325,2
6841,0,170,2
7219,1,71,2
9477,0,5,2
445,1,433,2
2110,0,261,2
1180,0,373,2
8944,0,57,2
6759,0,4,2
6432,1,170,2
5552,1,298,2
2769,0,33,2
2551,0,229,2
5578,1,129,2
4611,0,12,2
4216,1,1,2
981,1,431,2
6184,0,5,3
8714,0,95,3
5773,0,396,3
580,0,1,3
7152,0,35,3
5948,0,35,3
2648,1,37,3
8610,0,47,4
1086,0,45,4
8716,0,1,4
5219,1,134,4
6990,0,12,4
4079,1,26,4
8071,0,194,4
4241,0,82,4

