hid,pid,diag1,beds,teach
40,101,529,201,0
60,101,456,81,0
70,103,869,285,1
40,103,634,201,0
50,103,327,212,0
50,107,710,212,0
10,101,776,175,0
70,102,29,285,1
80,101,926,150,0
50,102,151,212,0
30,101,313,306,1
20,104,489,210,0
20,101,247,210,0
80,104,466,150,0
50,101,889,212,0
20,108,558,210,0
20,106,830,210,0
10,102,241,175,0
50,109,937,212,0
50,106,972,212,0
50,110,398,212,0
20,105,864,210,0
30,102,815,306,1
50,104,200,212,0
80,102,184,150,0
20,103,19,210,0
70,104,13,285,1
40,102,210,201,0
50,108,730,212,0
50,105,95,212,0
80,103,380,150,0
60,104,811,81,0
60,103,231,81,0
20,107,883,210,0
20,102,231,210,0
70,101,925,285,1
40,104,553,201,0
60,102,408,81,0

